-- MySQL dump 10.13  Distrib 5.7.17, for Win64 (x86_64)
--
-- Host: 127.0.0.1    Database: tcchaircut
-- ------------------------------------------------------
-- Server version	11.1.2-MariaDB

/*!40101 SET @OLD_CHARACTER_SET_CLIENT=@@CHARACTER_SET_CLIENT */;
/*!40101 SET @OLD_CHARACTER_SET_RESULTS=@@CHARACTER_SET_RESULTS */;
/*!40101 SET @OLD_COLLATION_CONNECTION=@@COLLATION_CONNECTION */;
/*!40101 SET NAMES utf8 */;
/*!40103 SET @OLD_TIME_ZONE=@@TIME_ZONE */;
/*!40103 SET TIME_ZONE='+00:00' */;
/*!40014 SET @OLD_UNIQUE_CHECKS=@@UNIQUE_CHECKS, UNIQUE_CHECKS=0 */;
/*!40014 SET @OLD_FOREIGN_KEY_CHECKS=@@FOREIGN_KEY_CHECKS, FOREIGN_KEY_CHECKS=0 */;
/*!40101 SET @OLD_SQL_MODE=@@SQL_MODE, SQL_MODE='NO_AUTO_VALUE_ON_ZERO' */;
/*!40111 SET @OLD_SQL_NOTES=@@SQL_NOTES, SQL_NOTES=0 */;

--
-- Table structure for table `agdpedidodoservico`
--

DROP TABLE IF EXISTS `agdpedidodoservico`;
/*!40101 SET @saved_cs_client     = @@character_set_client */;
/*!40101 SET character_set_client = utf8 */;
CREATE TABLE `agdpedidodoservico` (
  `agendamento_id` int(11) NOT NULL AUTO_INCREMENT,
  `cliente_cliente_id` int(11) NOT NULL,
  `servico_servico_id` int(11) NOT NULL,
  `avaliacao_avaliacao_id` int(11) DEFAULT NULL,
  `agenda_agenda_id` int(11) NOT NULL,
  PRIMARY KEY (`agendamento_id`,`agenda_agenda_id`),
  KEY `fk_agdpedidodoservico_cliente1_idx` (`cliente_cliente_id`),
  KEY `fk_agdpedidodoservico_servico1_idx` (`servico_servico_id`),
  KEY `fk_agdpedidodoservico_avaliacao1_idx` (`avaliacao_avaliacao_id`),
  KEY `fk_agdpedidodoservico_agenda1_idx` (`agenda_agenda_id`),
  CONSTRAINT `fk_agdpedidodoservico_agenda1` FOREIGN KEY (`agenda_agenda_id`) REFERENCES `agenda` (`agenda_id`) ON DELETE NO ACTION ON UPDATE NO ACTION,
  CONSTRAINT `fk_agdpedidodoservico_avaliacao1` FOREIGN KEY (`avaliacao_avaliacao_id`) REFERENCES `avaliacao` (`avaliacao_id`) ON DELETE NO ACTION ON UPDATE NO ACTION,
  CONSTRAINT `fk_agdpedidodoservico_cliente1` FOREIGN KEY (`cliente_cliente_id`) REFERENCES `cliente` (`cliente_id`) ON DELETE NO ACTION ON UPDATE NO ACTION,
  CONSTRAINT `fk_agdpedidodoservico_servico1` FOREIGN KEY (`servico_servico_id`) REFERENCES `servico` (`servico_id`) ON DELETE NO ACTION ON UPDATE NO ACTION
) ENGINE=InnoDB AUTO_INCREMENT=8 DEFAULT CHARSET=latin1 COLLATE=latin1_swedish_ci;
/*!40101 SET character_set_client = @saved_cs_client */;

--
-- Dumping data for table `agdpedidodoservico`
--

LOCK TABLES `agdpedidodoservico` WRITE;
/*!40000 ALTER TABLE `agdpedidodoservico` DISABLE KEYS */;
INSERT INTO `agdpedidodoservico` VALUES (5,12,2,NULL,2),(7,14,1,NULL,2);
/*!40000 ALTER TABLE `agdpedidodoservico` ENABLE KEYS */;
UNLOCK TABLES;

--
-- Table structure for table `agenda`
--

DROP TABLE IF EXISTS `agenda`;
/*!40101 SET @saved_cs_client     = @@character_set_client */;
/*!40101 SET character_set_client = utf8 */;
CREATE TABLE `agenda` (
  `agenda_id` int(11) NOT NULL AUTO_INCREMENT,
  `agenda_data` date NOT NULL,
  `hrInicio` time NOT NULL,
  `hrFinal` time NOT NULL,
  `atendente_disponivel` int(11) NOT NULL,
  `salao_salao_id` int(11) NOT NULL,
  PRIMARY KEY (`agenda_id`),
  KEY `fk_agenda_salao1_idx` (`salao_salao_id`),
  CONSTRAINT `fk_agenda_salao1` FOREIGN KEY (`salao_salao_id`) REFERENCES `salao` (`salao_id`) ON DELETE NO ACTION ON UPDATE NO ACTION
) ENGINE=InnoDB AUTO_INCREMENT=3 DEFAULT CHARSET=latin1 COLLATE=latin1_swedish_ci;
/*!40101 SET character_set_client = @saved_cs_client */;

--
-- Dumping data for table `agenda`
--

LOCK TABLES `agenda` WRITE;
/*!40000 ALTER TABLE `agenda` DISABLE KEYS */;
INSERT INTO `agenda` VALUES (1,'2023-06-03','15:30:00','14:30:00',2,3),(2,'2023-04-14','14:30:00','15:00:00',2,3);
/*!40000 ALTER TABLE `agenda` ENABLE KEYS */;
UNLOCK TABLES;

--
-- Table structure for table `avaliacao`
--

DROP TABLE IF EXISTS `avaliacao`;
/*!40101 SET @saved_cs_client     = @@character_set_client */;
/*!40101 SET character_set_client = utf8 */;
CREATE TABLE `avaliacao` (
  `avaliacao_id` int(11) NOT NULL AUTO_INCREMENT,
  `avaliacao` int(2) DEFAULT NULL,
  PRIMARY KEY (`avaliacao_id`)
) ENGINE=InnoDB DEFAULT CHARSET=latin1 COLLATE=latin1_swedish_ci;
/*!40101 SET character_set_client = @saved_cs_client */;

--
-- Dumping data for table `avaliacao`
--

LOCK TABLES `avaliacao` WRITE;
/*!40000 ALTER TABLE `avaliacao` DISABLE KEYS */;
/*!40000 ALTER TABLE `avaliacao` ENABLE KEYS */;
UNLOCK TABLES;

--
-- Table structure for table `cidade`
--

DROP TABLE IF EXISTS `cidade`;
/*!40101 SET @saved_cs_client     = @@character_set_client */;
/*!40101 SET character_set_client = utf8 */;
CREATE TABLE `cidade` (
  `cidade_id` int(11) NOT NULL AUTO_INCREMENT,
  `cidade_nome` varchar(75) NOT NULL,
  `estado_estado_id` int(11) NOT NULL,
  PRIMARY KEY (`cidade_id`),
  KEY `fk_cidade_estado_idx` (`estado_estado_id`),
  CONSTRAINT `fk_cidade_estado` FOREIGN KEY (`estado_estado_id`) REFERENCES `estado` (`estado_id`) ON DELETE NO ACTION ON UPDATE NO ACTION
) ENGINE=InnoDB AUTO_INCREMENT=5 DEFAULT CHARSET=latin1 COLLATE=latin1_swedish_ci;
/*!40101 SET character_set_client = @saved_cs_client */;

--
-- Dumping data for table `cidade`
--

LOCK TABLES `cidade` WRITE;
/*!40000 ALTER TABLE `cidade` DISABLE KEYS */;
INSERT INTO `cidade` VALUES (3,'Timbó',3);
/*!40000 ALTER TABLE `cidade` ENABLE KEYS */;
UNLOCK TABLES;

--
-- Table structure for table `cliente`
--

DROP TABLE IF EXISTS `cliente`;
/*!40101 SET @saved_cs_client     = @@character_set_client */;
/*!40101 SET character_set_client = utf8 */;
CREATE TABLE `cliente` (
  `cliente_id` int(11) NOT NULL AUTO_INCREMENT,
  `cliente_nome` varchar(75) NOT NULL,
  `cliente_sobrenome` varchar(75) NOT NULL,
  `cliente_cpf` varchar(11) NOT NULL,
  `cliente_telefone` varchar(11) NOT NULL,
  `cliente_email` varchar(100) NOT NULL,
  `cliente_senha` varchar(100) NOT NULL,
  PRIMARY KEY (`cliente_id`)
) ENGINE=InnoDB AUTO_INCREMENT=15 DEFAULT CHARSET=latin1 COLLATE=latin1_swedish_ci;
/*!40101 SET character_set_client = @saved_cs_client */;

--
-- Dumping data for table `cliente`
--

LOCK TABLES `cliente` WRITE;
/*!40000 ALTER TABLE `cliente` DISABLE KEYS */;
INSERT INTO `cliente` VALUES (12,'João','Tessaroli','456','456','email.teste','456'),(14,'Eliel','Sobrenome','123','123','eliel@gmail','123');
/*!40000 ALTER TABLE `cliente` ENABLE KEYS */;
UNLOCK TABLES;

--
-- Table structure for table `endereco`
--

DROP TABLE IF EXISTS `endereco`;
/*!40101 SET @saved_cs_client     = @@character_set_client */;
/*!40101 SET character_set_client = utf8 */;
CREATE TABLE `endereco` (
  `endereco_id` int(11) NOT NULL AUTO_INCREMENT,
  `endereco_bairro` varchar(45) NOT NULL,
  `endereco_rua` varchar(45) NOT NULL,
  `endereco_numero` varchar(5) NOT NULL,
  `endereco_complemento` varchar(45) NOT NULL,
  `cidade_cidade_id` int(11) NOT NULL,
  PRIMARY KEY (`endereco_id`),
  KEY `fk_endereco_cidade1_idx` (`cidade_cidade_id`),
  CONSTRAINT `fk_endereco_cidade1` FOREIGN KEY (`cidade_cidade_id`) REFERENCES `cidade` (`cidade_id`) ON DELETE NO ACTION ON UPDATE NO ACTION
) ENGINE=InnoDB AUTO_INCREMENT=5 DEFAULT CHARSET=latin1 COLLATE=latin1_swedish_ci;
/*!40101 SET character_set_client = @saved_cs_client */;

--
-- Dumping data for table `endereco`
--

LOCK TABLES `endereco` WRITE;
/*!40000 ALTER TABLE `endereco` DISABLE KEYS */;
INSERT INTO `endereco` VALUES (3,'Nações','Oscar Piske','870','casa',3);
/*!40000 ALTER TABLE `endereco` ENABLE KEYS */;
UNLOCK TABLES;

--
-- Table structure for table `estado`
--

DROP TABLE IF EXISTS `estado`;
/*!40101 SET @saved_cs_client     = @@character_set_client */;
/*!40101 SET character_set_client = utf8 */;
CREATE TABLE `estado` (
  `estado_id` int(11) NOT NULL AUTO_INCREMENT,
  `estado_nome` varchar(75) NOT NULL,
  `estado_codigo` varchar(2) NOT NULL,
  PRIMARY KEY (`estado_id`)
) ENGINE=InnoDB AUTO_INCREMENT=5 DEFAULT CHARSET=latin1 COLLATE=latin1_swedish_ci;
/*!40101 SET character_set_client = @saved_cs_client */;

--
-- Dumping data for table `estado`
--

LOCK TABLES `estado` WRITE;
/*!40000 ALTER TABLE `estado` DISABLE KEYS */;
INSERT INTO `estado` VALUES (3,'Santa Catarina','SC');
/*!40000 ALTER TABLE `estado` ENABLE KEYS */;
UNLOCK TABLES;

--
-- Table structure for table `login`
--

DROP TABLE IF EXISTS `login`;
/*!40101 SET @saved_cs_client     = @@character_set_client */;
/*!40101 SET character_set_client = utf8 */;
CREATE TABLE `login` (
  `login_id` int(11) NOT NULL AUTO_INCREMENT,
  `cliente_cliente_id` int(11) DEFAULT NULL,
  `salao_salao_id` int(11) DEFAULT NULL,
  `token` varchar(36) NOT NULL,
  PRIMARY KEY (`login_id`),
  KEY `fk_login_cliente1_idx` (`cliente_cliente_id`),
  KEY `fk_login_salao1_idx` (`salao_salao_id`),
  CONSTRAINT `fk_login_cliente1` FOREIGN KEY (`cliente_cliente_id`) REFERENCES `cliente` (`cliente_id`) ON DELETE NO ACTION ON UPDATE NO ACTION,
  CONSTRAINT `fk_login_salao1` FOREIGN KEY (`salao_salao_id`) REFERENCES `salao` (`salao_id`) ON DELETE NO ACTION ON UPDATE NO ACTION
) ENGINE=InnoDB AUTO_INCREMENT=24 DEFAULT CHARSET=latin1 COLLATE=latin1_swedish_ci;
/*!40101 SET character_set_client = @saved_cs_client */;

--
-- Dumping data for table `login`
--

LOCK TABLES `login` WRITE;
/*!40000 ALTER TABLE `login` DISABLE KEYS */;
INSERT INTO `login` VALUES (3,NULL,3,'3fc81789-d06e-43d1-8362-278bf28c568e'),(5,12,NULL,'fe490e16-7072-431d-babe-cea80468b5b2'),(6,NULL,3,'ffe90902-9ff1-4a80-a7ff-7a1fb264bc7e'),(10,NULL,3,'f8a33174-2f00-46fb-afb4-1eabf9f75a68'),(11,NULL,3,'2ddda235-211a-43c6-820c-aeb96a9866bf'),(14,NULL,3,'1bf90655-6cc4-4196-a147-39f4483c69bb'),(15,12,NULL,'b2ed5436-b320-4124-96f3-a51afe77c8ff'),(17,NULL,3,'4befd19a-3d92-4417-986f-b5c8d8ab8b40'),(18,12,NULL,'7e55afb1-c820-4c78-b29e-5f84e25d4b01'),(20,12,NULL,'6ce7462d-1172-43f7-baf8-3321054c02c3'),(21,12,NULL,'5d398d23-95e1-4374-ab43-674bb5538f10'),(22,14,NULL,'f260cdea-287b-4fce-9c02-bc837ba65f5d'),(23,12,NULL,'129b5f58-51db-40a6-a342-cef01381b17d');
/*!40000 ALTER TABLE `login` ENABLE KEYS */;
UNLOCK TABLES;

--
-- Table structure for table `salao`
--

DROP TABLE IF EXISTS `salao`;
/*!40101 SET @saved_cs_client     = @@character_set_client */;
/*!40101 SET character_set_client = utf8 */;
CREATE TABLE `salao` (
  `salao_id` int(11) NOT NULL AUTO_INCREMENT,
  `salao_nome` varchar(100) NOT NULL,
  `salao_cnpj` varchar(14) NOT NULL,
  `salao_telefone` varchar(11) NOT NULL,
  `salao_email` varchar(100) NOT NULL,
  `salao_senha` varchar(100) NOT NULL,
  `endereco_endereco_id` int(11) NOT NULL,
  PRIMARY KEY (`salao_id`),
  KEY `fk_salao_endereco1_idx` (`endereco_endereco_id`),
  CONSTRAINT `fk_salao_endereco1` FOREIGN KEY (`endereco_endereco_id`) REFERENCES `endereco` (`endereco_id`) ON DELETE NO ACTION ON UPDATE NO ACTION
) ENGINE=InnoDB AUTO_INCREMENT=5 DEFAULT CHARSET=latin1 COLLATE=latin1_swedish_ci;
/*!40101 SET character_set_client = @saved_cs_client */;

--
-- Dumping data for table `salao`
--

LOCK TABLES `salao` WRITE;
/*!40000 ALTER TABLE `salao` DISABLE KEYS */;
INSERT INTO `salao` VALUES (3,'Sil Cabelos','456','456','teste.email','senhaTeste',3);
/*!40000 ALTER TABLE `salao` ENABLE KEYS */;
UNLOCK TABLES;

--
-- Table structure for table `servico`
--

DROP TABLE IF EXISTS `servico`;
/*!40101 SET @saved_cs_client     = @@character_set_client */;
/*!40101 SET character_set_client = utf8 */;
CREATE TABLE `servico` (
  `servico_id` int(11) NOT NULL AUTO_INCREMENT,
  `servico_nome` varchar(100) NOT NULL,
  `tipo_servico` varchar(75) NOT NULL,
  `servico_tempo` time NOT NULL,
  `servico_valor` decimal(9,2) NOT NULL,
  `salao_salao_id` int(11) NOT NULL,
  PRIMARY KEY (`servico_id`),
  KEY `fk_servico_salao1_idx` (`salao_salao_id`),
  CONSTRAINT `fk_servico_salao1` FOREIGN KEY (`salao_salao_id`) REFERENCES `salao` (`salao_id`) ON DELETE NO ACTION ON UPDATE NO ACTION
) ENGINE=InnoDB AUTO_INCREMENT=3 DEFAULT CHARSET=latin1 COLLATE=latin1_swedish_ci;
/*!40101 SET character_set_client = @saved_cs_client */;

--
-- Dumping data for table `servico`
--

LOCK TABLES `servico` WRITE;
/*!40000 ALTER TABLE `servico` DISABLE KEYS */;
INSERT INTO `servico` VALUES (1,'Corte de Cabelo','Corte','00:30:00',35.95,3),(2,'Coloração','Coloração','01:30:00',45.00,3);
/*!40000 ALTER TABLE `servico` ENABLE KEYS */;
UNLOCK TABLES;
/*!40103 SET TIME_ZONE=@OLD_TIME_ZONE */;

/*!40101 SET SQL_MODE=@OLD_SQL_MODE */;
/*!40014 SET FOREIGN_KEY_CHECKS=@OLD_FOREIGN_KEY_CHECKS */;
/*!40014 SET UNIQUE_CHECKS=@OLD_UNIQUE_CHECKS */;
/*!40101 SET CHARACTER_SET_CLIENT=@OLD_CHARACTER_SET_CLIENT */;
/*!40101 SET CHARACTER_SET_RESULTS=@OLD_CHARACTER_SET_RESULTS */;
/*!40101 SET COLLATION_CONNECTION=@OLD_COLLATION_CONNECTION */;
/*!40111 SET SQL_NOTES=@OLD_SQL_NOTES */;

-- Dump completed on 2023-12-08 21:09:08
